{
  "$schema": "https://schema.management.azure.com/schemas/2019-04-01/deploymentParameters.json#",
  "contentVersion": "1.0.0.0",
  "parameters": {
    "location": {
      "value": "XXXXXXXXXXXXXXXXX"
    },
    "subscriptionId": {
      "value": "XXXXXXXXXXXXXXXXX"
    },
    "ResourceGroup": {
      "value": "XXXXXXXXXXXXXXXXX"
    },
    "keyVaultAdministratorUserId": {
      "value": "XXXXXXXXXXXXXXXXX"
    },
    "company": {
      "value": "xxx"
    },
    "deploymentType": {
      "value": "prod"
    },
    "myPublicIPAddress": {
      "value": "XX.XXX.XXX.XXX"
    },
    "sparkNodeSize": {
      "value": "Medium"
    },
    
    "sqlAdministratorLogin": {
      "value": "sqladmin"
    },
    "sqlAdministratorLoginPassword": {
      "value": "XXXXXXXXXXXXXXXXX"
    },
    "SynapseSku": {
      "value": "DW300c"
    },
    "NEWS_API_KEY": {
      "value": "XXXXXXXXXXXXXXXXX"
    },
    "TWITTER_API_KEY": {
      "value": "XXXXXXXXXXXXXXXXX"
    },
    "TWITTER_API_SECRET_KEY": {
      "value": "XXXXXXXXXXXXXXXXX"
    },
    "TWITTER_ACCESS_TOKEN": {
      "value": "XXXXXXXXXXXXXXXXX"
    },
    "TWITTER_ACCESS_TOKEN_SECRET": {
      "value": "XXXXXXXXXXXXXXXXX"
    }
  }
}
